<ExaCheckExclusions modelVersion="18.4.0_20181129" RackType="N/A" EngineeredSystems="RAC" RackIdentifier="" ExadataType="" xsi:noNamespaceSchemaLocation="exacheck_exclusion.xsd" xmlns:xsi="http://www.w3.org/2001/XMLSchema-instance">
   <ExacheckExclusion>
     <CheckID>0588C45564593316E05313C0E50A2386</CheckID>
     <CheckType>CLUSTERWIDE_CHECK</CheckType>
     <AlertType>WARNING</AlertType>
     <TargetType>CLUSTER</TargetType>
     <CheckName><![CDATA[GI/CRS software owner time zone]]></CheckName>
     <ColumnValues>
     </ColumnValues>
     <Message><![CDATA[Killed check GI/CRS software owner time zone (CHECK-ID: 8FC307D9A9CEF95FE040E50A1EC01580) at rac1 because it timed out]]></Message>
   </ExacheckExclusion>

   <ExacheckExclusion>
     <CheckID>0588C45564593316E05313C0E50A2386</CheckID>
     <CheckType>CLUSTERWIDE_CHECK</CheckType>
     <AlertType>WARNING</AlertType>
     <TargetType>CLUSTER</TargetType>
     <CheckName><![CDATA[Root  time zone]]></CheckName>
     <ColumnValues>
     </ColumnValues>
     <Message><![CDATA[Killed check Root  time zone (CHECK-ID: 8FC4FA469BAA945EE040E50A1EC06AC6) at rac1 because it timed out]]></Message>
   </ExacheckExclusion>

   <ExacheckExclusion>
     <CheckID>0588C45564593316E05313C0E50A2386</CheckID>
     <CheckType>CLUSTERWIDE_CHECK</CheckType>
     <AlertType>WARNING</AlertType>
     <TargetType>CLUSTER</TargetType>
     <CheckName><![CDATA[GI/CRS software owner time zone]]></CheckName>
     <ColumnValues>
     </ColumnValues>
     <Message><![CDATA[Killed check GI/CRS software owner time zone (CHECK-ID: 8FC307D9A9CEF95FE040E50A1EC01580) at rac2 because it timed out]]></Message>
   </ExacheckExclusion>

   <ExacheckExclusion>
     <CheckID>0588C45564593316E05313C0E50A2386</CheckID>
     <CheckType>CLUSTERWIDE_CHECK</CheckType>
     <AlertType>WARNING</AlertType>
     <TargetType>CLUSTER</TargetType>
     <CheckName><![CDATA[Root  time zone]]></CheckName>
     <ColumnValues>
     </ColumnValues>
     <Message><![CDATA[Killed check Root  time zone (CHECK-ID: 8FC4FA469BAA945EE040E50A1EC06AC6) at rac2 because it timed out]]></Message>
   </ExacheckExclusion>

</ExaCheckExclusions>