 {"orachkID":"0588C45564593316E05313C0E50A2386", 
"orachkType":"CLUSTERWIDE_CHECK", 
"orachkAlertType":"WARNING",
 "orachkTargetType":"CLUSTER", 
"orachkName":"GI/CRS software owner time zone", 
 "NodeName":"rac1", 
"Message":"Killed check GI/CRS software owner time zone (CHECK-ID: 8FC307D9A9CEF95FE040E50A1EC01580) at rac1 because it timed out" 
}
 {"orachkID":"0588C45564593316E05313C0E50A2386", 
"orachkType":"CLUSTERWIDE_CHECK", 
"orachkAlertType":"WARNING",
 "orachkTargetType":"CLUSTER", 
"orachkName":"Root  time zone", 
 "NodeName":"rac1", 
"Message":"Killed check Root  time zone (CHECK-ID: 8FC4FA469BAA945EE040E50A1EC06AC6) at rac1 because it timed out" 
}
 {"orachkID":"0588C45564593316E05313C0E50A2386", 
"orachkType":"CLUSTERWIDE_CHECK", 
"orachkAlertType":"WARNING",
 "orachkTargetType":"CLUSTER", 
"orachkName":"GI/CRS software owner time zone", 
 "NodeName":"rac2", 
"Message":"Killed check GI/CRS software owner time zone (CHECK-ID: 8FC307D9A9CEF95FE040E50A1EC01580) at rac2 because it timed out" 
}
 {"orachkID":"0588C45564593316E05313C0E50A2386", 
"orachkType":"CLUSTERWIDE_CHECK", 
"orachkAlertType":"WARNING",
 "orachkTargetType":"CLUSTER", 
"orachkName":"Root  time zone", 
 "NodeName":"rac2", 
"Message":"Killed check Root  time zone (CHECK-ID: 8FC4FA469BAA945EE040E50A1EC06AC6) at rac2 because it timed out" 
}

